[null,{"name":"JoinVoice","permissions":"NONE","permissions2":"NONE","restriction":"1","_id":"kKcnX","actions":[{"channel":"0","varName":"","name":"Join Voice Channel"},{"branch":{"iftrue":"99","iffalse":"99","iftrueActions":[{"channel":"0","varName":"","message":"Joined voice channel!!","buttons":[],"selectMenus":[],"reply":true,"ephemeral":false,"tts":false,"file":"","storage":"0","varName2":"","name":"Send Message"}],"iffalseActions":[{"channel":"0","varName":"","message":"Was unable to find voice channel to join!","buttons":[],"selectMenus":[],"reply":true,"ephemeral":false,"tts":false,"file":"","storage":"0","varName2":"","name":"Send Message"}]},"name":"Check is Bot in Voice Channel"}],"comType":"4","description":"Joins the voice channel you are in."},{"name":"PlayURL","permissions":"NONE","permissions2":"NONE","restriction":"1","_id":"BIsar","actions":[{"url":"${slashParams(\"url\")}","seek":"0","volume":"","passes":"1","bitrate":"","type":"0","name":"Play URL"},{"branch":{"iftrue":"99","iffalse":"99","iftrueActions":[{"channel":"0","varName":"","message":"Added URL to queue:\n${slashParams(\"url\")}","buttons":[],"selectMenus":[],"reply":true,"ephemeral":false,"tts":false,"file":"","storage":"0","varName2":"","name":"Send Message"}],"iffalseActions":[{"channel":"0","varName":"","message":"Bot is not currently in voice channel.","buttons":[],"selectMenus":[],"reply":true,"ephemeral":false,"tts":false,"file":"","storage":"0","varName2":"","name":"Send Message"}]},"name":"Check is Bot in Voice Channel"}],"comType":"4","parameters":[{"name":"url","description":"The URL of the audio to play.","type":"STRING","required":true,"choices":null}],"description":"Plays audio from a specified URL."},{"name":"PlayYoutube","permissions":"NONE","permissions2":"NONE","restriction":"1","_id":"YIIhl","actions":[{"url":"${slashParams(\"url\")}","seek":"0","volume":"","passes":"1","bitrate":"","type":"0","name":"Play YouTube Video"},{"branch":{"iftrue":"99","iffalse":"99","iftrueActions":[{"channel":"0","varName":"","message":"Added YouTube URL to queue:\n${slashParams(\"url\")}","buttons":[],"selectMenus":[],"reply":true,"ephemeral":false,"tts":false,"file":"","storage":"0","varName2":"","name":"Send Message"}],"iffalseActions":[{"channel":"0","varName":"","message":"Bot is not currently in voice channel.","buttons":[],"selectMenus":[],"reply":true,"ephemeral":false,"tts":false,"file":"","storage":"0","varName2":"","name":"Send Message"}]},"name":"Check is Bot in Voice Channel"}],"comType":"4","description":"Plays the provided YouTube video link.","parameters":[{"name":"url","description":"","type":"STRING","required":true,"choices":null}]},{"name":"Stop","permissions":"NONE","permissions2":"NONE","restriction":"1","_id":"AwRRz","actions":[{"action":"0","name":"Control Audio"},{"channel":"0","varName":"","message":"Audio stopped.","buttons":[],"selectMenus":[],"reply":true,"ephemeral":false,"tts":false,"file":"","storage":"0","varName2":"","name":"Send Message"}],"comType":"4","description":"Stops the bot from playing audio."},{"name":"Pause","permissions":"NONE","permissions2":"NONE","restriction":"1","_id":"ByZhM","actions":[{"action":"1","name":"Control Audio"},{"channel":"0","varName":"","message":"Audio stopped.","buttons":[],"selectMenus":[],"reply":true,"ephemeral":false,"tts":false,"file":"","storage":"0","varName2":"","name":"Send Message"}],"comType":"4","description":"Pauses the bot's audio playing."},{"name":"Resume","permissions":"NONE","permissions2":"NONE","restriction":"1","_id":"knOXs","actions":[{"action":"2","name":"Control Audio"},{"channel":"0","varName":"","message":"Audio resumed.","buttons":[],"selectMenus":[],"reply":true,"ephemeral":false,"tts":false,"file":"","storage":"0","varName2":"","name":"Send Message"}],"comType":"4","description":"Resumes the bot's audio playing."},{"name":"Skip","permissions":"NONE","permissions2":"NONE","restriction":"1","_id":"fwYah","actions":[{"amount":"${slashParams(\"skip_count\")}","name":"Skip Queue"},{"channel":"0","varName":"","message":"Queue skipped by ${slashParams(\"skip_count\")}!","buttons":[],"selectMenus":[],"reply":true,"ephemeral":false,"tts":false,"file":"","storage":"0","varName2":"","name":"Send Message"}],"comType":"4","parameters":[{"name":"skip_count","description":"","type":"INTEGER","required":true,"choices":null}],"description":"Skips the queue by the specific number."},{"name":"ClearQueue","permissions":"NONE","permissions2":"NONE","restriction":"1","_id":"aAMft","actions":[{"name":"Clear Queue"},{"channel":"0","varName":"","message":"The queue has been cleared!","buttons":[],"selectMenus":[],"reply":true,"ephemeral":false,"tts":false,"file":"","storage":"0","varName2":"","name":"Send Message"}],"comType":"4","description":"Clears the queue of all audio."}]